nombre|apellido|telefono|mail|dni
Joel|Prince|1-204-750-1282|Praesent.eu.nulla@diamluctus.com|16381120 4001
Elliott|Soto|1-815-148-5778|cursus.et@malesuadaInteger.org|16710613 3700
Geoffrey|Franklin|1-551-718-4461|dui.augue@eget.ca|16560118 9078
Michael|Rios|1-106-867-6990|auctor@tristique.net|16270529 3633
Drake|Donovan|1-805-484-9277|condimentum.eget.volutpat@Duisrisus.co.uk|16050723 5760
Roth|Wilkinson|1-147-690-3791|Nulla.tempor@Nulla.org|16850303 0960
Arsenio|Warren|1-971-486-3131|Aenean@Curabitursedtortor.com|16941005 4317
Carl|Murphy|1-550-411-7068|Class@musProin.com|16031027 1176
Francis|Mccoy|1-478-455-8941|luctus.vulputate@conubianostra.edu|16100105 0812
Plato|Johnson|1-221-550-3634|nunc.interdum@lobortisnisi.com|16940903 0195
Brian|Nunez|1-283-482-8045|Duis.at@elit.net|16880212 7178
Xavier|Baxter|1-629-945-6654|eu.dui.Cum@nisinibh.co.uk|16160123 6571
Dolan|Barrera|1-782-236-8153|nunc.sed.libero@famesac.edu|16940629 0602
Geoffrey|Rosario|1-696-657-7997|Nunc.mauris@ipsum.com|16871211 4860
Igor|Mcclure|1-999-385-5792|enim.Etiam@adipiscingfringilla.com|16640327 6485
Gage|Marshall|1-327-948-3825|dui@bibendumfermentummetus.org|16711024 5425
Roth|Rojas|1-319-363-5880|mus.Donec@volutpat.net|16450201 1267
Keith|Morin|1-153-328-3631|ligula.Donec.luctus@leoCras.ca|16941128 2503
Kato|Adams|1-911-822-5003|augue.Sed@auctor.org|16500821 6474
Cruz|Kemp|1-865-848-4187|purus.mauris.a@tristique.org|16030402 7287
Jasper|Sharpe|1-552-598-9722|cubilia.Curae@vitae.edu|16900328 4867
Melvin|Lott|1-457-932-3901|dui@malesuada.edu|16461108 1938
Preston|Pollard|1-121-899-8692|nunc.interdum@tortordictumeu.com|16451004 6958
Scott|Saunders|1-835-605-6665|lorem.eget@tellus.com|16420601 4153
Thomas|Hunt|1-483-619-4982|eu.lacus@nislelementumpurus.com|16650728 2009
Lawrence|Logan|1-916-615-2065|feugiat@Pellentesque.net|16310125 8089
Blaze|Snyder|1-233-232-9677|felis.Nulla@eratnonummyultricies.net|16871126 3478
Elton|Mcintosh|1-642-588-5487|vitae.odio.sagittis@fermentumvelmauris.net|16250714 7706
Colin|Melton|1-578-408-2477|sem@pede.org|16920320 2990
Sean|Pennington|1-810-952-3731|semper@malesuada.ca|16240723 8621
Boris|Lopez|1-226-249-0220|nunc@ligulatortor.net|16931102 4146
Vaughan|Klein|1-554-752-3841|magna.et.ipsum@vitaenibhDonec.com|16600206 6675
August|Mcknight|1-799-248-2887|enim.nec.tempus@Nullasemper.org|16090217 7468
Phelan|Owen|1-242-752-3732|dictum.Proin.eget@commodo.edu|16560711 8170
Alec|Roberson|1-901-780-1715|lacus@eu.co.uk|16451115 8109
Oliver|Rodriquez|1-345-377-8614|amet@adipiscing.com|16280230 1073
Lucas|Powers|1-640-862-4061|aliquet@magna.org|16740702 3519
Howard|Fox|1-255-379-7166|arcu@conubia.co.uk|16730604 6140
Cody|Rutledge|1-397-910-0941|convallis@mollisnon.ca|16551125 6793
Deacon|Barr|1-410-292-4895|ultricies.adipiscing.enim@erateget.com|16970611 9436
Amal|Russo|1-828-604-0999|a@non.com|16640428 6749
Edan|Chandler|1-513-118-4089|eu.neque.pellentesque@hendrerit.edu|16251112 0137
Ethan|Parks|1-999-892-1524|bibendum@Quisque.co.uk|16870428 5025
Plato|Pugh|1-937-584-9083|cursus@tellus.co.uk|16690607 0880
Josiah|Mason|1-405-680-3789|libero.at.auctor@sitametdapibus.co.uk|16821121 8113
Zephania|Brooks|1-318-403-7819|nec.metus@pellentesque.co.uk|16940618 7337
Brennan|Jefferson|1-921-177-1463|dictum.Proin@Sedeueros.edu|16780513 7796
Jesse|Mathis|1-862-471-3413|ligula.Aenean@Integer.com|16280809 0647
Thor|Marsh|1-503-294-9981|risus.Morbi@augueeutellus.edu|16700604 9394
Gavin|Clark|1-482-381-0398|Nunc.sed@Maecenas.co.uk|16550919 8759
Chadwick|Hammond|1-130-332-1030|tellus@lacus.edu|16070115 0237
Joseph|Hayden|1-390-582-6387|sollicitudin@Cumsociisnatoque.edu|16960923 7871
Sawyer|Reilly|1-878-400-2030|nunc.id@eu.com|16150322 2406
Donovan|Vazquez|1-842-908-0099|laoreet.lectus.quis@Donectemporest.com|16030706 0954
Quamar|Moody|1-727-702-4917|arcu@tristique.edu|16750330 1637
Hashim|Dejesus|1-822-399-5661|augue.ut.lacus@sit.ca|16871027 0094
Alan|Taylor|1-503-322-6299|semper.et@euarcu.org|16470921 2916
Nero|Galloway|1-319-725-8503|eget.odio@orciPhasellusdapibus.org|16191223 8399
Ryan|Mitchell|1-530-116-2260|mi.ac@enimdiam.org|16640130 7076
Tiger|Carrillo|1-472-412-8414|convallis.convallis.dolor@id.net|16631224 1331
Dorian|Cervantes|1-833-165-9329|Mauris.vestibulum.neque@tristiqueaceleifend.net|16950607 9053
Kevin|Flores|1-137-828-6813|metus.eu@scelerisque.edu|16330323 0167
Dante|Ramsey|1-922-542-6933|orci.Phasellus@nibh.ca|16720920 7740
Rogan|Conway|1-313-975-8002|massa.lobortis@pedeblandit.com|16660623 1212
Kareem|Atkinson|1-352-265-6736|tempor.erat.neque@infelisNulla.net|16030704 6995
Edward|Hubbard|1-624-184-7296|dui.semper@nequeIn.co.uk|16810626 6714
Salvador|Goodman|1-366-810-5630|vulputate.mauris@Innec.co.uk|16470313 7465
Hu|Ashley|1-732-877-4651|non.lacinia@augue.org|16080130 7604
Abraham|Berry|1-234-839-7003|nisl.elementum@aliquetmagnaa.net|16680316 3374
Erich|Clark|1-461-657-4470|vel.turpis.Aliquam@loremac.edu|16831216 5718
Elijah|Horn|1-447-113-8718|tellus@nonsollicitudina.ca|16100420 2428
Stewart|Kirby|1-267-454-7611|ridiculus@enimsit.edu|16360529 9621
Camden|Cooper|1-623-335-9259|Duis.ac@nuncsed.ca|16080527 6250
Hashim|Dalton|1-820-831-9191|at.libero@dolorvitaedolor.co.uk|16190821 0550
Ivor|Dennis|1-632-267-1102|fermentum.arcu.Vestibulum@anteMaecenasmi.edu|16650603 0623
Nathan|Kelly|1-575-356-7837|Morbi@Aliquam.net|16730604 6538
Evan|Stephens|1-825-937-0731|egestas.rhoncus.Proin@auctor.org|16090803 8748
Kato|Prince|1-843-742-9769|nonummy.ut@tellusjusto.co.uk|16940516 3974
Randall|Moore|1-909-865-4019|ac.mi@consequat.org|16120227 2132
Ezekiel|Mcguire|1-163-254-7752|non.lacinia.at@nunc.co.uk|16070611 2695
Otto|Small|1-835-480-9261|facilisis.magna.tellus@sagittislobortismauris.net|16921028 7166
Troy|Huber|1-384-514-3018|tellus.Nunc@vitae.com|16160820 9381
Cairo|Hayes|1-346-387-5294|lorem.eget@enimdiam.ca|16900928 7344
Ivan|Crawford|1-656-834-3214|non.enim.commodo@eu.org|16800928 4160
Cameron|Preston|1-646-657-1581|Aenean.sed.pede@et.org|16340411 1837
Yasir|Brady|1-668-561-3206|vulputate.velit.eu@tellusjusto.org|16600928 5419
Jelani|Compton|1-255-335-4568|eleifend.nec@odioEtiam.com|16250322 4731
Craig|Osborn|1-465-577-4893|tortor@utodiovel.co.uk|16670628 5589
Elijah|Pruitt|1-357-506-2928|mus.Proin.vel@eliterat.net|16180612 9688
Cody|Baird|1-473-301-4621|vitae@sitamet.com|16231104 5658
Thane|Sears|1-525-763-3023|libero.Proin@IntegerurnaVivamus.edu|16620430 2498
Judah|Leblanc|1-995-866-5958|mollis@mifringillami.co.uk|16630617 1908
Orlando|Cole|1-675-449-2643|euismod.mauris.eu@quisdiam.com|16410301 9883
Kelly|Michael|1-343-939-5901|Cras.dictum.ultricies@eu.ca|16470326 2917
Leonard|Barry|1-902-849-6702|penatibus.et.magnis@Sedidrisus.co.uk|16260428 2752
Shad|Hood|1-988-290-5968|vel@risusDonecegestas.net|16730123 4386
Eagan|Barlow|1-141-446-1403|et.eros.Proin@utnisia.co.uk|16240822 6435
Denton|Pickett|1-441-117-1563|elit.pede@enimCurabiturmassa.ca|16551022 8488
Elton|Wooten|1-238-707-5891|vitae.nibh.Donec@velquam.com|16650220 1129
Calvin|Brown|1-685-482-3235|lorem@sapiengravidanon.ca|16631001 4557
